<?xml version="1.0" encoding="UTF-8"?>

<nested>
	<!-- Featured Products -->
	<node type="category" displayName="$featured_products" outputclass="featured_products" shortDesc="$tooltip2_description">
		<node type="linkBox" displayName="$product1_description" outputclass="featured_products">
			<!-- <link type="internal" bundle="endpoint-security-10.6.0-common-product-guide-windows" url="GUID-EE320EEF-7DE8-4725-A088-6C9EC28EDD5C.html" displayName="$product1_link1"/> -->
			<node type="linkBox" url="/bundle/endpoint-security-10.7.x-common-product-guide-epolicy-orchestrator-windows/page/GUID-EE320EEF-7DE8-4725-A088-6C9EC28EDD5C.html" displayName="Endpoint Security"/>
			<node type="linkBox" url="https://success.myshn.net" displayName="$product1_link2"/>
			<node type="linkBox" url="/bundle?labelkey=prod-mvision-edr" displayName="$product1_link3"/>
			<node type="linkBox" url="/bundle?labelkey=prod-data-loss-prevention-mvision&amp;labelkey=prod-mvision-data-loss-prevention-endpoint&amp;labelkey=prod-mvision-data-loss-prevention-endpoint-mac&amp;labelkey=prod-mvision-data-loss-prevention-discover&amp;labelkey=prod-mvision-data-loss-prevention-prevent" displayName="$product1_link4"/>
			<node type="linkBox" url="/bundle?labelkey=prod-epo-v5-10-0" displayName="$product1_link5"/>
			<node type="linkBox" url="/bundle?labelkey=prod-mvision-mobile-v1-0-0" displayName="$product1_link6"/>
			<node type="linkBox" url="/bundle?labelkey=prod-mvision-epo" displayName="$product1_link7"/>
			<node type="linkBox" url="/bundle?labelkey=prod-enterprise-security-manager-v11-3-x" displayName="$product1_link8"/>
			<node type="linkBox" url="/bundle?labelkey=prod-network-security-platform-v10-1-0" displayName="$product1_link9"/>
			<node type="linkBox" url="/bundle?labelkey=prod-web-gateway-v9-2-x" displayName="$product1_link10"/>
		</node>

		<node type="linkBox" displayName="$product2_description" outputclass="featured_products">
			<node type="linkBox" url="https://success.myshn.net" displayName="$product2_link1"/>
			<node type="linkBox" url="/bundle?labelkey=prod-mvision-edr" displayName="$product2_link2"/>
			<node type="linkBox" url="/bundle?labelkey=prod-mvision-endpoint" displayName="$product2_link3"/>
			<node type="linkBox" url="/bundle?labelkey=prod-mvision-epo" displayName="$product2_link4"/>
			<node type="linkBox" url="/bundle?labelkey=prod-mvision-mobile-v1-0-0" displayName="$product2_link6"/>
			<node type="linkBox" url="/bundle/mvision-insights-mvision-epo-product-guide/page/GUID-FE58CAF4-3291-41CB-AEA2-77A10ACE27A7.html" displayName="MVISION Insights"/>
		</node>

		<node type="linkBox" displayName="$product3_description" outputclass="featured_products">
			<node type="linkBox" url="/bundle?labelkey=prod-mvision-endpoint" displayName="$product3_link1"/>
			<node type="linkBox" url="/bundle?labelkey=prod-mvision-mobile-v1-0-0" displayName="$product3_link2"/>
			<node type="linkBox" url="/bundle/endpoint-security-10.7.x-common-product-guide-epolicy-orchestrator-windows/page/GUID-EE320EEF-7DE8-4725-A088-6C9EC28EDD5C.html" displayName="Endpoint Security"/>
			<node type="linkBox" url="/bundle?labelkey=prod-mvision-edr" displayName="$product3_link4"/>
			<node type="linkBox" url="/bundle?labelkey=prod-embedded-control-v6-5-1" displayName="$product3_link5"/>
		</node>

	</node>

	<!-- Featured Solutions -->
	<node type="category" displayName="$featured_solutions" outputclass="featured_solutions" shortDesc="$tooltip3_description">
		<node type="linkBox" displayName="$solution1_description" outputclass="featured_solutions">
			<node type="linkBox" url="https://success.myshn.net" displayName="$solution1_link1"/>
			<node type="linkBox" url="/bundle?labelkey=prod-mvision-edr" displayName="$solution1_link2"/>
			<node type="linkBox" url="/bundle?labelkey=prod-mvision-endpoint" displayName="$solution1_link3"/>
			<node type="linkBox" url="/bundle?labelkey=prod-mvision-epo" displayName="$solution1_link4"/>
			<node type="linkBox" url="/bundle?labelkey=prod-mvision-mobile-v1-0-0" displayName="$solution1_link6"/>
			<node type="linkBox" url="/bundle/mvision-insights-epo-product-guide/page/GUID-FE58CAF4-3291-41CB-AEA2-77A10ACE27A7.html" displayName="MVISION Insights"/>

		</node>

		<node type="linkBox" displayName="$solution2_description" outputclass="featured_solutions">
			<node type="linkBox" url="https://success.myshn.net" displayName="$solution2_link1"/>
			<node type="linkBox" url="/bundle/uce-landing-page/page/GUID-88F1C868-7927-436D-BCA6-831BCD9DE409.html" displayName="$solution2_link2"/>
			<node type="linkBox" url="/bundle/uce-landing-page/page/GUID-88F1C868-7927-436D-BCA6-831BCD9DE409.html" displayName="$solution2_link3"/>
		</node>

		<node type="linkBox" displayName="$solution3_description" outputclass="featured_solutions">
			<node type="linkBox" url="https://success.myshn.net" displayName="$solution3_link1"/>
			<node type="linkBox" url="/bundle?labelkey=prod-cloud-workload-discovery-v5-3-x" displayName="$solution3_link2"/>
			<node type="linkBox" url="/bundle?labelkey=prod-virtual-network-security-platform-v9-2-0-manager-sensor" displayName="$solution3_link3"/>
		</node>

		<!-- <node type="category" outputclass="tooltip">
			<description>$tooltip3_description</description>
		</node> -->
	</node>
</nested>
