<?xml version="1.0" encoding="UTF-8"?>

<nested>
	<node type="category" displayName="Products A-Z" outputclass="allProducts" shortDesc="$tooltip4_description">
		<!-- All products A-Z go inside the allProductsLinks category -->
		<node type="category" outputclass="allProductsLinks">
			<!-- Use the <node type="linkBox"> for categories that need to go the library page with certain filters -->
			<!-- Use the <link type="internal" bundle="some_bundle_name" url="topic_name.html"> to go directly to a landing page -->
			<node type="linkBox" displayName="Active Response" url="bundle?labelkey=prod-active-response-v2-4-3&amp;labelkey=prod-active-response&amp;labelkey=prod-active-response-v2-4-2&amp;labelkey=prod-active-response-v2-4-1&amp;labelkey=prod-active-response-v2-4-0&amp;labelkey=prod-active-response-v2-4-x&amp;labelkey=prod-active-response-v2-3-0&amp;labelkey=prod-active-response-v2-3-x&amp;labelkey=prod-active-response-v2-2-0&amp;labelkey=prod-active-response-v2-2-x&amp;labelkey=prod-active-response-v2-1-x1&amp;labelkey=prod-active-response-v2-1-x&amp;labelkey=prod-active-response-v2-0-0&amp;labelkey=prod-active-response-v2-0-1&amp;labelkey=prod-active-response-v2-0-x&amp;labelkey=prod-active-response-v1-1-x&amp;labelkey=prod-active-response-v1-0-x" />
			<node type="linkBox" displayName="Advanced Threat Defense" url="/bundle?labelkey=prod-advanced-threat-defense&amp;labelkey=prod-advanced-threat-defense-v4-8-x&amp;labelkey=prod-advanced-threat-defense-v4-6-x&amp;labelkey=prod-advanced-threat-defense-v4-4-2&amp;labelkey=prod-advanced-threat-defense-v4-4-0&amp;labelkey=prod-advanced-threat-defense-v4-4-x&amp;labelkey=prod-advanced-threat-defense-v4-2-2&amp;labelkey=prod-advanced-threat-defense-v4-2-0&amp;labelkey=prod-advanced-threat-defense-v4-2-x&amp;labelkey=prod-advanced-threat-defense-v4-0-6&amp;labelkey=prod-advanced-threat-defense-v4-0-4&amp;labelkey=prod-advanced-threat-defense-v4-0-0&amp;labelkey=prod-advanced-threat-defense-v4-0-x&amp;labelkey=prod-advanced-threat-defense-v3-10-2&amp;labelkey=prod-advanced-threat-defense-v3-10-0&amp;labelkey=prod-advanced-threat-defense-v3-10-x&amp;labelkey=prod-advanced-threat-defense-v3-8-2&amp;labelkey=prod-advanced-threat-defense-v3-8-0&amp;labelkey=prod-advanced-threat-defense-v3-8-x&amp;labelkey=prod-advanced-threat-defense-v3-6-2&amp;labelkey=prod-advanced-threat-defense-v3-6-0&amp;labelkey=prod-advanced-threat-defense-v3-6-x" />
			<node type="linkBox" displayName="Agent" url="/bundle?labelkey=prod-agent&amp;labelkey=prod-agent-v6-0-x&amp;labelkey=prod-agent-v5-6-0&amp;labelkey=prod-agent-v5-5-4&amp;labelkey=prod-agent-v5-5-2&amp;labelkey=prod-agent-v5-5-1&amp;labelkey=prod-agent-v5-5-0&amp;labelkey=prod-agent-v5-5-x&amp;labelkey=prod-agent-v5-0-6&amp;labelkey=prod-agent-v5-0-5&amp;labelkey=prod-agent-v5-0-4&amp;labelkey=prod-agent-v5-0-3&amp;labelkey=prod-agent-v5-0-2&amp;labelkey=prod-agent-v5-0-1&amp;labelkey=prod-agent-v5-0-0&amp;labelkey=prod-agent-v5-0-x&amp;labelkey=prod-agent-v3-7-x&amp;labelkey=prod-agent-v3-6-x" />
			<node type="linkBox" displayName="Application Control and Change Control" url="/bundle?labelkey=prod-application-control&amp;labelkey=prod-application-control-v8-3-x&amp;labelkey=prod-application-control-v8-2-6&amp;labelkey=prod-application-control-v8-2-1&amp;labelkey=prod-application-control-v8-2-0&amp;labelkey=prod-application-control-v8-1-1&amp;labelkey=prod-application-control-v8-1-0&amp;labelkey=prod-application-control-v8-1-x&amp;labelkey=prod-application-control-v8-0-2&amp;labelkey=prod-application-control-v8-0-1&amp;labelkey=prod-application-control-v8-0-0&amp;labelkey=prod-application-control-v8-0-x&amp;labelkey=prod-application-control-v7-0-2&amp;labelkey=prod-application-control-v7-0-1&amp;labelkey=prod-application-control-v7-0-0&amp;labelkey=prod-application-control-v7-0-x&amp;labelkey=prod-application-control-v6-4-x&amp;labelkey=prod-application-control-v6-3-x&amp;labelkey=prod-application-control-v6-2-2&amp;labelkey=prod-application-control-v6-2-1&amp;labelkey=prod-application-control-v6-2-0&amp;labelkey=prod-application-control-v6-2-x&amp;labelkey=prod-application-control-v6-1-7&amp;labelkey=prod-application-control-v6-1-4&amp;labelkey=prod-application-control-v6-1-3&amp;labelkey=prod-application-control-v6-1-2&amp;labelkey=prod-application-control-v6-1-1&amp;labelkey=prod-application-control-v6-1-0&amp;labelkey=prod-application-control-v6-1-x&amp;labelkey=prod-application-control-v5-1-x&amp;labelkey=prod-change-control&amp;labelkey=prod-change-control-v8-3-x&amp;labelkey=prod-change-control-v8-2-6&amp;labelkey=prod-change-control-v8-2-1&amp;labelkey=prod-change-control-v8-2-0&amp;labelkey=prod-change-control-v8-1-1&amp;labelkey=prod-change-control-v8-1-0&amp;labelkey=prod-change-control-v8-1-x&amp;labelkey=prod-change-control-v8-0-2&amp;labelkey=prod-change-control-v8-0-0&amp;labelkey=prod-change-control-v8-0-1&amp;labelkey=prod-change-control-v8-0-x&amp;labelkey=prod-change-control-v7-0-2&amp;labelkey=prod-change-control-v7-0-1&amp;labelkey=prod-change-control-v7-0-0&amp;labelkey=prod-change-control-v7-0-x&amp;labelkey=prod-change-control-v6-4-x&amp;labelkey=prod-change-control-v6-3-x&amp;labelkey=prod-change-control-v6-2-2&amp;labelkey=prod-change-control-v6-2-1&amp;labelkey=prod-change-control-v6-2-0&amp;labelkey=prod-change-control-v6-2-x&amp;labelkey=prod-change-control-v6-1-7&amp;labelkey=prod-change-control-v6-1-4&amp;labelkey=prod-change-control-v6-1-3&amp;labelkey=prod-change-control-v6-1-2&amp;labelkey=prod-change-control-v6-1-1&amp;labelkey=prod-change-control-v6-1-0&amp;labelkey=prod-change-control-v6-1-x&amp;labelkey=prod-change-control-v5-1-x" />
			<node type="linkBox" displayName="Benchmark Editor" url="/bundle?labelkey=prod-benchmark-editor&amp;labelkey=prod-benchmark-editor-v6-0-x&amp;labelkey=prod-benchmark-editor-v6-2-x" />
			<node type="linkBox" displayName="Client Proxy" url="/bundle?labelkey=prod-client-proxy&amp;labelkey=prod-client-proxy-v3-0-x&amp;labelkey=prod-client-proxy-v2-5-x&amp;labelkey=prod-client-proxy-v2-4-x&amp;labelkey=prod-client-proxy-v2-3-6&amp;labelkey=prod-client-proxy-v2-3-5&amp;labelkey=prod-client-proxy-v2-3-4&amp;labelkey=prod-client-proxy-v2-3-3&amp;labelkey=prod-client-proxy-v2-3-2&amp;labelkey=prod-client-proxy-v2-3-1&amp;labelkey=prod-client-proxy-v2-3-0&amp;labelkey=prod-client-proxy-v2-3-x&amp;labelkey=prod-client-proxy-v2-2-1&amp;labelkey=prod-client-proxy-v2-2-0&amp;labelkey=prod-client-proxy-v2-2-x" />
			<node type="linkBox" displayName="Cloud Workload Security" url="/bundle?labelkey=prod-cloud-workload-discovery&amp;labelkey=prod-cloud-workload-discovery-v5-3-x&amp;labelkey=prod-cloud-workload-discovery-v5-2-0&amp;labelkey=prod-cloud-workload-discovery-v5-2-x&amp;labelkey=prod-cloud-workload-discovery-v5-1-0&amp;labelkey=prod-cloud-workload-discovery-v5-1-x&amp;labelkey=prod-cloud-workload-discovery-v5-0-1&amp;labelkey=prod-cloud-workload-discovery-v4-6-0&amp;labelkey=prod-cloud-workload-discovery-v5-0-x&amp;labelkey=prod-cloud-workload-discovery-v4-5-1&amp;labelkey=prod-cloud-workload-discovery-v4-5-0&amp;labelkey=prod-cloud-workload-discovery-v4-5-x&amp;labelkey=prod-cloud-workload-discovery-v4-0-0&amp;labelkey=prod-cloud-workload-discovery-v4-0-x" />
			<node type="linkBox" displayName="Common Catalog" url="/bundle?labelkey=prod-common-catalog&amp;labelkey=prod-common-catalog-v2-0-0&amp;labelkey=prod-common-catalog-v2-0-x" />
			<node type="linkBox" displayName="Conduit Platform" url="/bundle?labelkey=prod-conduit-platform&amp;labelkey=prod-conduit-platform-v1-1-1&amp;labelkey=prod-conduit-platform-v1-1-0&amp;labelkey=prod-conduit-platform-v1-1-x&amp;labelkey=prod-conduit-platform-v1-0-x" />
			<node type="linkBox" displayName="Content Security Reporter" url="/bundle?labelkey=prod-content-security-reporter&amp;labelkey=prod-content-security-reporter-v2-6-x&amp;labelkey=prod-content-security-reporter-v2-5-0&amp;labelkey=prod-content-security-reporter-v2-5-x&amp;labelkey=prod-content-security-reporter-v2-4-0&amp;labelkey=prod-content-security-reporter-v2-4-x&amp;labelkey=prod-content-security-reporter-v2-3-0&amp;labelkey=prod-content-security-reporter-v2-3-x&amp;labelkey=prod-content-security-reporter-v2-2-0&amp;labelkey=prod-content-security-reporter-v2-2-x&amp;labelkey=prod-content-security-reporter-v2-1-1&amp;labelkey=prod-content-security-reporter-v2-1-0&amp;labelkey=prod-content-security-reporter-v2-1-x&amp;labelkey=prod-content-security-reporter-v2-0-x&amp;labelkey=prod-content-security-reporter-v1-0-x" />
			<node type="linkBox" displayName="Database Activity Monitoring" url="/bundle?labelkey=prod-database-activity-monitoring&amp;labelkey=prod-database-activity-monitoring-v5-2-4&amp;labelkey=prod-database-activity-monitoring-v5-2-3&amp;labelkey=prod-database-activity-monitoring-v5-2-2&amp;labelkey=prod-database-activity-monitoring-v5-2-0&amp;labelkey=prod-database-activity-monitoring-v5-2-x&amp;labelkey=prod-database-activity-monitoring-v5-1-3&amp;labelkey=prod-database-activity-monitoring-v5-1-2&amp;labelkey=prod-database-activity-monitoring-v5-1-x&amp;labelkey=prod-database-activity-monitoring-v4-6-x" />
			<node type="linkBox" displayName="Database Security" url="/bundle?labelkey=prod-database-security&amp;labelkey=prod-database-security-v5-2-x&amp;labelkey=prod-database-security-v4-7-x&amp;labelkey=prod-database-security-v4-6-6&amp;labelkey=prod-database-security-v4-6-5&amp;labelkey=prod-database-security-v4-6-4&amp;labelkey=prod-database-security-v4-6-3&amp;labelkey=prod-database-security-v4-6-2&amp;labelkey=prod-database-security-v4-6-1&amp;labelkey=prod-database-security-v4-6-0&amp;labelkey=prod-database-security-v4-6-x&amp;labelkey=prod-database-security-v4-4-9&amp;labelkey=prod-database-security-v4-4-8&amp;labelkey=prod-database-security-v4-4-6&amp;labelkey=prod-database-security-v4-4-0&amp;labelkey=prod-database-security-v4-4-x" />
			<node type="linkBox" displayName="Data Exchange Layer" url="/bundle?labelkey=prod-data-exchange-layer&amp;labelkey=prod-data-exchange-layer-v6-0-x&amp;labelkey=prod-data-exchange-layer-v5-0-0&amp;labelkey=prod-data-exchange-layer-v4-1-2&amp;labelkey=prod-data-exchange-layer-v4-1-0&amp;labelkey=prod-data-exchange-layer-v4-1-x&amp;labelkey=prod-data-exchange-layer-v4-0-0&amp;labelkey=prod-data-exchange-layer-v4-1-01&amp;labelkey=prod-data-exchange-layer-v3-1-0&amp;labelkey=prod-data-exchange-layer-v3-1-x&amp;labelkey=prod-data-exchange-layer-v3-0-1&amp;labelkey=prod-data-exchange-layer-v3-0-0&amp;labelkey=prod-data-exchange-layer-v3-0-x&amp;labelkey=prod-data-exchange-layer-v2-2-x&amp;labelkey=prod-data-exchange-layer-v2-0-0" />
			<node type="linkBox" displayName="Data Loss Prevention" url="/bundle?labelkey=prod-data-loss-prevention&amp;labelkey=prod-mvision-data-loss-prevention-endpoint&amp;labelkey=prod-mvision-data-loss-prevention-endpoint-mac&amp;labelkey=prod-mvision-data-loss-prevention-discover&amp;labelkey=prod-mvision-data-loss-prevention-prevent&amp;labelkey=prod-mvision-data-loss-prevention-monitor&amp;labelkey=prod-data-loss-prevention-v11-5-x-endpoint&amp;labelkey=prod-data-loss-prevention-v11-5-x-endpoint-mac&amp;labelkey=prod-data-loss-prevention-v11-5-x-discover&amp;labelkey=prod-data-loss-prevention-v11-5-x-prevent&amp;labelkey=prod-data-loss-prevention-v11-5-x-monitor&amp;labelkey=prod-data-loss-prevention-v11-5-x&amp;labelkey=prod-data-loss-prevention-v11-4-x-endpoint&amp;labelkey=prod-data-loss-prevention-v11-4-x-endpoint-mac&amp;labelkey=prod-data-loss-prevention-v11-4-x-discover&amp;labelkey=prod-data-loss-prevention-v11-4-x-prevent&amp;labelkey=prod-data-loss-prevention-v11-4-x-monitor&amp;labelkey=prod-data-loss-prevention-v11-4-x&amp;labelkey=prod-data-loss-prevention-v11-3-x-endpoint&amp;labelkey=prod-data-loss-prevention-v11-3-x-endpoint-mac&amp;labelkey=prod-data-loss-prevention-v11-3-x-discover&amp;labelkey=prod-data-loss-prevention-v11-3-x-prevent&amp;labelkey=prod-data-loss-prevention-v11-3-x-monitor&amp;labelkey=prod-data-loss-prevention-v11-3-x&amp;labelkey=prod-data-loss-prevention-v11-2-x-endpoint&amp;labelkey=prod-data-loss-prevention-v11-2-x-endpoint-mac&amp;labelkey=prod-data-loss-prevention-v11-2-x-discover&amp;labelkey=prod-data-loss-prevention-v11-2-x-prevent&amp;labelkey=prod-data-loss-prevention-v11-2-x-monitor&amp;labelkey=prod-data-loss-prevention-v11-2-x&amp;labelkey=prod-data-loss-prevention-v11-1-0-endpoint&amp;labelkey=prod-data-loss-prevention-v11-1-0-endpoint-mac&amp;labelkey=prod-data-loss-prevention-v11-1-0-discover&amp;labelkey=prod-data-loss-prevention-v11-1-0-prevent&amp;labelkey=prod-data-loss-prevention-v11-1-0-monitor&amp;labelkey=prod-data-loss-prevention-v11-1-0&amp;labelkey=prod-data-loss-prevention-v11-0-7-endpoint&amp;labelkey=prod-data-loss-prevention-v11-0-7-prevent&amp;labelkey=prod-data-loss-prevention-v11-0-7-monitor&amp;labelkey=prod-data-loss-prevention-v11-0-7&amp;labelkey=prod-data-loss-prevention-v11-0-6-endpoint&amp;labelkey=prod-data-loss-prevention-v11-0-6-prevent&amp;labelkey=prod-data-loss-prevention-v11-0-6-monitor&amp;labelkey=prod-data-loss-prevention-v11-0-6&amp;labelkey=prod-data-loss-prevention-v11-0-5-endpoint&amp;labelkey=prod-data-loss-prevention-v11-0-5-discover&amp;labelkey=prod-data-loss-prevention-v11-0-5&amp;labelkey=prod-data-loss-prevention-v11-0-4-endpoint&amp;labelkey=prod-data-loss-prevention-v11-0-4-endpoint-mac&amp;labelkey=prod-data-loss-prevention-v11-0-4&amp;labelkey=prod-data-loss-prevention-v11-0-3-endpoint&amp;labelkey=prod-data-loss-prevention-v11-0-3-endpoint-mac&amp;labelkey=prod-data-loss-prevention-v11-0-3-prevent&amp;labelkey=prod-data-loss-prevention-v11-0-3-monitor&amp;labelkey=prod-data-loss-prevention-v11-0-3&amp;labelkey=prod-data-loss-prevention-v11-0-2&amp;labelkey=prod-data-loss-prevention-v11-0-1-endpoint&amp;labelkey=prod-data-loss-prevention-v11-0-1&amp;labelkey=prod-data-loss-prevention-v11-0-0-monitor&amp;labelkey=prod-data-loss-prevention-v11-0-0-prevent&amp;labelkey=prod-data-loss-prevention-v11-0-0&amp;labelkey=prod-data-loss-prevention-v11-0-x&amp;labelkey=prod-data-loss-prevention-v10-0-5-endpoint&amp;labelkey=prod-data-loss-prevention-v10-0-5&amp;labelkey=prod-data-loss-prevention-v10-0-3-endpoint&amp;labelkey=prod-data-loss-prevention-v10-0-3-prevent&amp;labelkey=prod-data-loss-prevention-v10-0-3&amp;labelkey=prod-data-loss-prevention-v10-0-2-endpoint&amp;labelkey=prod-data-loss-prevention-v10-0-2-prevent&amp;labelkey=prod-data-loss-prevention-v10-0-2&amp;labelkey=prod-data-loss-prevention-v10-0-1-prevent&amp;labelkey=prod-data-loss-prevention-v10-0-1&amp;labelkey=prod-data-loss-prevention-v10-0-0-discover&amp;labelkey=prod-data-loss-prevention-v10-0-0-endpoint&amp;labelkey=prod-data-loss-prevention-v10-0-0-endpoint-mac&amp;labelkey=prod-data-loss-prevention-v10-0-0-prevent&amp;labelkey=prod-data-loss-prevention-v10-0-0&amp;labelkey=prod-data-loss-prevention-v10-0-x&amp;labelkey=prod-data-loss-prevention-v9-4-3-endpoint&amp;labelkey=prod-data-loss-prevention-v9-4-3&amp;labelkey=prod-data-loss-prevention-v9-4-2-discover&amp;labelkey=prod-data-loss-prevention-v9-4-2-endpoint&amp;labelkey=prod-data-loss-prevention-v9-4-2&amp;labelkey=prod-data-loss-prevention-v9-4-1-discover&amp;labelkey=prod-data-loss-prevention-v9-4-1-endpoint&amp;labelkey=prod-data-loss-prevention-v9-4-1-endpoint-mac&amp;labelkey=prod-data-loss-prevention-v9-4-1&amp;labelkey=prod-data-loss-prevention-v9-4-0-endpoint&amp;labelkey=prod-data-loss-prevention-v9-4-0&amp;labelkey=prod-data-loss-prevention-v9-4-x&amp;labelkey=prod-data-loss-prevention-v9-3-6-endpoint&amp;labelkey=prod-data-loss-prevention-v9-3-6&amp;labelkey=prod-data-loss-prevention-v9-3-5-endpoint&amp;labelkey=prod-data-loss-prevention-v9-3-5&amp;labelkey=prod-data-loss-prevention-v9-3-4-discover&amp;labelkey=prod-data-loss-prevention-v9-3-4-endpoint&amp;labelkey=prod-data-loss-prevention-v9-3-4&amp;labelkey=prod-data-loss-prevention-v9-3-3-discover&amp;labelkey=prod-data-loss-prevention-v9-3-3-endpoint&amp;labelkey=prod-data-loss-prevention-v9-3-3&amp;labelkey=prod-data-loss-prevention-v9-3-2-discover&amp;labelkey=prod-data-loss-prevention-v9-3-2-endpoint&amp;labelkey=prod-data-loss-prevention-v9-3-2&amp;labelkey=prod-data-loss-prevention-v9-3-1-discover&amp;labelkey=prod-data-loss-prevention-v9-3-1-endpoint&amp;labelkey=prod-data-loss-prevention-v9-3-1&amp;labelkey=prod-data-loss-prevention-v9-3-0-endpoint&amp;labelkey=prod-data-loss-prevention-v9-3-0-endpoint-mac&amp;labelkey=prod-data-loss-prevention-v9-3-0&amp;labelkey=prod-data-loss-prevention-v9-3-x"/>
			<node type="linkBox" displayName="Drive Encryption" url="/bundle?labelkey=prod-drive-encryption&amp;labelkey=prod-drive-encryption-v7-3-x&amp;labelkey=prod-drive-encryption-v7-2-9&amp;labelkey=prod-drive-encryption-v7-2-8&amp;labelkey=prod-drive-encryption-v7-2-7&amp;labelkey=prod-drive-encryption-v7-2-6&amp;labelkey=prod-drive-encryption-v7-2-5&amp;labelkey=prod-drive-encryption-v7-2-4&amp;labelkey=prod-drive-encryption-v7-2-3&amp;labelkey=prod-drive-encryption-v7-2-2&amp;labelkey=prod-drive-encryption-v7-2-1&amp;labelkey=prod-drive-encryption-v7-2-0&amp;labelkey=prod-drive-encryption-v7-2-x&amp;labelkey=prod-drive-encryption-v7-1-3&amp;labelkey=prod-drive-encryption-v7-1-2&amp;labelkey=prod-drive-encryption-v7-1-1&amp;labelkey=prod-drive-encryption-v7-1-0&amp;labelkey=prod-drive-encryption-v7-1-x" />
			<node type="linkBox" displayName="Email Gateway" url="/bundle?labelkey=prod-email-gateway&amp;labelkey=prod-email-gateway-v7-6-7&amp;labelkey=prod-email-gateway-v7-6-4&amp;labelkey=prod-email-gateway-v7-6-3&amp;labelkey=prod-email-gateway-v7-6-2&amp;labelkey=prod-email-gateway-v7-6-1&amp;labelkey=prod-email-gateway-v7-6-0&amp;labelkey=prod-email-gateway-v7-6-x"/>
			<node type="linkBox" displayName="Embedded Control" url="/bundle?labelkey=prod-embedded-control&amp;labelkey=prod-embedded-control-v6-5-1&amp;labelkey=prod-embedded-control-v6-5-0&amp;labelkey=prod-embedded-control-v6-5-x&amp;labelkey=prod-embedded-control-v5-1-x" />
			<node type="linkBox" displayName="Endpoint Assistant" url="/bundle?labelkey=prod-endpoint-assistant&amp;labelkey=prod-endpoint-assistant-v2-2-x&amp;labelkey=prod-endpoint-assistant-v2-1-x&amp;labelkey=prod-endpoint-assistant-v2-0-x&amp;labelkey=prod-endpoint-assistant-v1-0-x" />
			<node type="linkBox" displayName="Endpoint Intelligence Agent" url="/bundle?labelkey=prod-endpoint-intelligence-agent&amp;labelkey=prod-endpoint-intelligence-agent-v3-2-1&amp;labelkey=prod-endpoint-intelligence-agent-v3-2-x&amp;labelkey=prod-endpoint-intelligence-agent-v2-6-2&amp;labelkey=prod-endpoint-intelligence-agent-v2-6-0&amp;labelkey=prod-endpoint-intelligence-agent-v2-6-x" />
			<node type="linkBox" displayName="Endpoint Protection for Mac" url="/bundle?labelkey=prod-endpoint-protection-mac&amp;labelkey=prod-endpoint-protection-mac-v2-3-x&amp;labelkey=prod-endpoint-protection-mac-v2-2-x&amp;labelkey=prod-endpoint-protection-mac-v2-2-x1" />
			<!-- <link type="internal" bundle="endpoint-security-10.7.x-common-product-guide-epolicy-orchestrator-windows/page/GUID-EE320EEF-7DE8-4725-A088-6C9EC28EDD5C.html" displayName="Endpoint Security"/> -->
			<node type="linkBox" displayName="Endpoint Security" url="/bundle?labelkey=prod-endpoint-security&amp;labelkey=prod-endpoint-security-v10-7-0-threat-prevention&amp;labelkey=prod-endpoint-security-v10-7-0-firewall&amp;labelkey=prod-endpoint-security-v10-7-0-web-control&amp;labelkey=prod-endpoint-security-v10-7-0-adaptive-threat-protection&amp;labelkey=prod-endpoint-security-v10-7-x&amp;labelkey=prod-endpoint-security-v10-6-9&amp;labelkey=prod-endpoint-security-v10-6-8&amp;labelkey=prod-endpoint-security-v10-6-7&amp;labelkey=prod-endpoint-security-v10-6-6&amp;labelkey=prod-endpoint-security-v10-6-5&amp;labelkey=prod-endpoint-security-v10-6-4&amp;labelkey=prod-endpoint-security-v10-6-3&amp;labelkey=prod-endpoint-security-v10-6-2&amp;labelkey=prod-endpoint-security-v10-6-1&amp;labelkey=prod-endpoint-security-v10-6-0-threat-prevention&amp;labelkey=prod-endpoint-security-v10-6-0-firewall&amp;labelkey=prod-endpoint-security-v10-6-0-web-control&amp;labelkey=prod-endpoint-security-v10-6-0-adaptive-threat-protection&amp;labelkey=prod-endpoint-security-v10-6-0&amp;labelkey=prod-endpoint-security-v10-6-x&amp;labelkey=prod-endpoint-security-v10-5-9&amp;labelkey=prod-endpoint-security-v10-5-8&amp;labelkey=prod-endpoint-security-v10-5-7&amp;labelkey=prod-endpoint-security-v10-5-6-threat-prevention&amp;labelkey=prod-endpoint-security-v10-5-6&amp;labelkey=prod-endpoint-security-v10-5-5-threat-prevention&amp;labelkey=prod-endpoint-security-v10-5-5&amp;labelkey=prod-endpoint-security-v10-5-4&amp;labelkey=prod-endpoint-security-v10-5-3-adaptive-threat-protection&amp;labelkey=prod-endpoint-security-v10-5-3&amp;labelkey=prod-endpoint-security-v10-5-2&amp;labelkey=prod-endpoint-security-v10-5-1-adaptive-threat-protection&amp;labelkey=prod-endpoint-security-v10-5-1&amp;labelkey=prod-endpoint-security-v10-5-0-threat-prevention&amp;labelkey=prod-endpoint-security-v10-5-0-firewall&amp;labelkey=prod-endpoint-security-v10-5-0-web-control&amp;labelkey=prod-endpoint-security-v10-5-0-adaptive-threat-protection&amp;labelkey=prod-endpoint-security-v10-5-0&amp;labelkey=prod-endpoint-security-v10-5-x&amp;labelkey=prod-endpoint-security-v10-2-3-threat-prevention&amp;labelkey=prod-endpoint-security-v10-2-3-firewall&amp;labelkey=prod-endpoint-security-v10-2-3-web-control&amp;labelkey=prod-endpoint-security-v10-2-3-adaptive-threat-protection&amp;labelkey=prod-endpoint-security-v10-2-3&amp;labelkey=prod-endpoint-security-v10-2-2-threat-prevention&amp;labelkey=prod-endpoint-security-v10-2-2-adaptive-threat-protection&amp;labelkey=prod-endpoint-security-v10-2-2&amp;labelkey=prod-endpoint-security-v10-2-1-threat-prevention&amp;labelkey=prod-endpoint-security-v10-2-1-adaptive-threat-protection&amp;labelkey=prod-endpoint-security-v10-2-1&amp;labelkey=prod-endpoint-security-v10-2-0-threat-prevention&amp;labelkey=prod-endpoint-security-v10-2-0&amp;labelkey=prod-endpoint-security-v10-2-x&amp;labelkey=prod-endpoint-security-v10-1-1-threat-prevention&amp;labelkey=prod-endpoint-security-v10-1-1&amp;labelkey=prod-endpoint-security-v10-1-0-threat-prevention&amp;labelkey=prod-endpoint-security-v10-1-0&amp;labelkey=prod-endpoint-security-v10-1-x&amp;labelkey=prod-endpoint-security-v10-0-x"/>
			<node type="linkBox" displayName="Endpoint Security for Servers" url="/bundle?labelkey=prod-endpoint-security-servers&amp;labelkey=prod-endpoint-security-servers-v5-2-0&amp;labelkey=prod-endpoint-security-servers-v5-1-0&amp;labelkey=prod-endpoint-security-servers-v5-1-x&amp;labelkey=prod-endpoint-security-servers-v5-0-0&amp;labelkey=prod-endpoint-security-servers-v5-0-x" />
			<node type="linkBox" displayName="Endpoint Upgrade Assistant" url="/bundle?labelkey=prod-endpoint-upgrade-assistant&amp;labelkey=prod-endpoint-upgrade-assistant-v2-7-x&amp;labelkey=prod-endpoint-upgrade-assistant-v2-6-x&amp;labelkey=prod-endpoint-upgrade-assistant-v2-5-x&amp;labelkey=prod-endpoint-upgrade-assistant-v2-4-x&amp;labelkey=prod-endpoint-upgrade-assistant-v2-3-x&amp;labelkey=prod-endpoint-upgrade-assistant-v2-2-0" />
			<node type="linkBox" displayName="Enterprise Security Manager" url="/bundle?labelkey=prod-enterprise-security-manager&amp;labelkey=prod-enterprise-security-manager-v11-4-x&amp;labelkey=prod-enterprise-security-manager-v11-3-x&amp;labelkey=prod-enterprise-security-manager-v11-2-x&amp;labelkey=prod-enterprise-security-manager-v11-1-0&amp;labelkey=prod-enterprise-security-manager-v11-0-3&amp;labelkey=prod-enterprise-security-manager-v11-0-2&amp;labelkey=prod-enterprise-security-manager-v11-0-1&amp;labelkey=prod-enterprise-security-manager-v11-0-0&amp;labelkey=prod-enterprise-security-manager-v11-0-x&amp;labelkey=prod-enterprise-security-manager-v10-4-x&amp;labelkey=prod-enterprise-security-manager-v10-3-0&amp;labelkey=prod-enterprise-security-manager-v10-2-1&amp;labelkey=prod-enterprise-security-manager-v10-2-0&amp;labelkey=prod-enterprise-security-manager-v10-2-x&amp;labelkey=prod-enterprise-security-manager-v10-1-4&amp;labelkey=prod-enterprise-security-manager-v10-1-3&amp;labelkey=prod-enterprise-security-manager-v10-1-2&amp;labelkey=prod-enterprise-security-manager-v10-1-1&amp;labelkey=prod-enterprise-security-manager-v10-1-0&amp;labelkey=prod-enterprise-security-manager-v10-1-x&amp;labelkey=prod-enterprise-security-manager-v10-0-3&amp;labelkey=prod-enterprise-security-manager-v10-0-2&amp;labelkey=prod-enterprise-security-manager-v10-0-1&amp;labelkey=prod-enterprise-security-manager-v10-0-0&amp;labelkey=prod-enterprise-security-manager-v10-0-x&amp;labelkey=prod-enterprise-security-manager-v9-6-1&amp;labelkey=prod-enterprise-security-manager-v9-6-0&amp;labelkey=prod-enterprise-security-manager-v9-6-x" />
			<node type="linkBox" displayName="ePO Cloud Bridge" url="/bundle?labelkey=prod-epo-cloud-bridge&amp;labelkey=prod-epo-cloud-bridge-v1-2-0&amp;labelkey=prod-epo-cloud-bridge-v1-2-x" />
			<node type="linkBox" displayName="ePolicy Orchestrator" url="/bundle?labelkey=prod-epo&amp;labelkey=prod-epo-v5-10-0&amp;labelkey=prod-epo-v5-10-x&amp;labelkey=prod-epo-v5-9-1&amp;labelkey=prod-epo-v5-9-0&amp;labelkey=prod-epo-v5-9-x&amp;labelkey=prod-epo-v5-3-3&amp;labelkey=prod-epo-v5-3-2&amp;labelkey=prod-epo-v5-3-1&amp;labelkey=prod-epo-v5-3-0&amp;labelkey=prod-epo-v5-3-x"/>
			<node type="linkBox" displayName="ePolicy Orchestrator Cloud" url="/bundle?labelkey=prod-epo-cloud" />
			<node type="linkBox" displayName="File and Removable Media Protection" url="/bundle?labelkey=&amp;labelkey=prod-file-removable-media&amp;labelkey=prod-file-removable-media-v6-0-x&amp;labelkey=prod-file-removable-media-v5-3-x&amp;labelkey=prod-file-removable-media-v5-2-x&amp;labelkey=prod-file-removable-media-v5-1-x&amp;labelkey=prod-file-removable-media-v5-0-10&amp;labelkey=prod-file-removable-media-v5-0-9&amp;labelkey=prod-file-removable-media-v5-0-8&amp;labelkey=prod-file-removable-media-v5-0-7&amp;labelkey=prod-file-removable-media-v5-0-6&amp;labelkey=prod-file-removable-media-v5-0-5&amp;labelkey=prod-file-removable-media-v5-0-4&amp;labelkey=prod-file-removable-media-v5-0-3&amp;labelkey=prod-file-removable-media-v5-0-2&amp;labelkey=prod-file-removable-media-v5-0-1&amp;labelkey=prod-file-removable-media-v5-0-0&amp;labelkey=prod-file-removable-media-v5-0-x&amp;labelkey=prod-file-removable-media-v4-3-1&amp;labelkey=prod-file-removable-media-v4-3-0&amp;labelkey=prod-file-removable-media-v4-3-x" />
			<node type="linkBox" displayName="Firewall for Linux" url="/bundle?labelkey=&amp;labelkey=prod-firewall-linux&amp;labelkey=prod-firewall-linux-v8-0-4&amp;labelkey=prod-firewall-linux-v8-0-3&amp;labelkey=prod-firewall-linux-v8-0-2&amp;labelkey=prod-firewall-linux-v8-0-1&amp;labelkey=prod-firewall-linux-v8-0-0&amp;labelkey=prod-firewall-linux-v8-0-x" />
			<node type="linkBox" displayName="Host Intrusion Prevention" url="/bundle?labelkey=&amp;labelkey=prod-host-intrusion-prevention&amp;labelkey=prod-host-intrusion-prevention-v8-0-14&amp;labelkey=prod-host-intrusion-prevention-v8-0-13&amp;labelkey=prod-host-intrusion-prevention-v8-0-12&amp;labelkey=prod-host-intrusion-prevention-v8-0-11&amp;labelkey=prod-host-intrusion-prevention-v8-0-10&amp;labelkey=prod-host-intrusion-prevention-v8-0-9&amp;labelkey=prod-host-intrusion-prevention-v8-0-8&amp;labelkey=prod-host-intrusion-prevention-v8-0-7&amp;labelkey=prod-host-intrusion-prevention-v8-0-6&amp;labelkey=prod-host-intrusion-prevention-v8-0-5&amp;labelkey=prod-host-intrusion-prevention-v8-0-4&amp;labelkey=prod-host-intrusion-prevention-v8-0-3&amp;labelkey=prod-host-intrusion-prevention-v8-0-2&amp;labelkey=prod-host-intrusion-prevention-v8-0-1&amp;labelkey=prod-host-intrusion-prevention-v8-0-0&amp;labelkey=prod-host-intrusion-prevention-v8-0-x" />
			<node type="linkBox" displayName="Installation Designer" url="/bundle?labelkey=&amp;labelkey=prod-installation-designer&amp;labelkey=prod-installation-designer-v8-8-x" />
			<node type="linkBox" displayName="Intel Security Controller" url="/bundle?labelkey=&amp;labelkey=prod-intel-security-controller&amp;labelkey=prod-intel-security-controller-v2-6-x&amp;labelkey=prod-intel-security-controller-v2-5-x&amp;labelkey=prod-intel-security-controller-v1-0-x" />
			<node type="linkBox" displayName="Investigator" url="/bundle?labelkey=prod-investigator" />
			<node type="linkBox" displayName="Logon Collector" url="/bundle?labelkey=&amp;labelkey=prod-logon-collector&amp;labelkey=prod-logon-collector-v3-0-9&amp;labelkey=prod-logon-collector-v3-0-8&amp;labelkey=prod-logon-collector-v3-0-2&amp;labelkey=prod-logon-collector-v3-0-0&amp;labelkey=prod-logon-collector-v3-0-x&amp;labelkey=prod-logon-collector-v2-2-x" />
			<node type="linkBox" displayName="Management of Native Encryption" url="/bundle?labelkey=&amp;labelkey=prod-management-native-encryption&amp;labelkey=prod-management-native-encryption-v5-1-x&amp;labelkey=prod-management-native-encryption-v5-0-2&amp;labelkey=prod-management-native-encryption-v5-0-1&amp;labelkey=prod-management-native-encryption-v5-0-0&amp;labelkey=prod-management-native-encryption-v4-1-5&amp;labelkey=prod-management-native-encryption-v4-1-4&amp;labelkey=prod-management-native-encryption-v4-1-3&amp;labelkey=prod-management-native-encryption-v4-1-2&amp;labelkey=prod-management-native-encryption-v4-1-1&amp;labelkey=prod-management-native-encryption-v4-1-0&amp;labelkey=prod-management-native-encryption-v4-1-x&amp;labelkey=prod-management-native-encryption-v4-0-0&amp;labelkey=prod-management-native-encryption-v4-0-x&amp;labelkey=prod-management-native-encryption-v3-0-1&amp;labelkey=prod-management-native-encryption-v3-0-0&amp;labelkey=prod-management-native-encryption-v3-0-x" />
			<node type="linkBox" displayName="MOVE Antivirus" url="/bundle?labelkey=&amp;labelkey=prod-move-antivirus&amp;labelkey=prod-move-antivirus-v4-8-x&amp;labelkey=prod-move-antivirus-v4-7-0&amp;labelkey=prod-move-antivirus-v4-7-x&amp;labelkey=prod-move-antivirus-v4-6-0&amp;labelkey=prod-move-antivirus-v4-6-x&amp;labelkey=prod-move-antivirus-v4-5-1&amp;labelkey=prod-move-antivirus-v4-5-0&amp;labelkey=prod-move-antivirus-v4-5-x&amp;labelkey=prod-move-antivirus-v4-0-0&amp;labelkey=prod-move-antivirus-v4-0-x&amp;labelkey=prod-move-antivirus-v3-6-1&amp;labelkey=prod-move-antivirus-v3-5-1" />
			<node type="linkBox" displayName="MVISION Cloud Bridge" url="/bundle?labelkey=prod-mvision-cloud-bridge" />
			<node type="linkBox" displayName="MVISION Endpoint" url="/bundle?labelkey=prod-mvision-endpoint" />
			<node type="linkBox" displayName="MVISION Endpoint Detection and Response" url="/bundle?labelkey=prod-mvision-edr" />
			<node type="linkBox" displayName="MVISION ePO" url="/bundle?labelkey=prod-mvision-epo"/>
			<node type="linkBox" displayName="MVISION Insights" url="/bundle?labelkey=prod-mvision-insights" />
			<node type="linkBox" displayName="MVISION Mobile" url="/bundle?labelkey=prod-mvision-mobile-v1-0-0" />
			<node type="linkBox" displayName="MVISION Unified Cloud Edge" url="/bundle/uce-landing-page/page/GUID-88F1C868-7927-436D-BCA6-831BCD9DE409.html" />
			<node type="linkBox" displayName="Network Security Platform" url="/bundle?labelkey=&amp;labelkey=prod-network-security-platform&amp;labelkey=prod-network-security-platform-v10-1-0-manager-sensor&amp;labelkey=prod-network-security-platform-v10-1-0&amp;labelkey=prod-network-security-platform-v10-1-x&amp;labelkey=prod-network-security-platform-v9-3-0-manager-sensor&amp;labelkey=prod-network-security-platform-v9-3-0&amp;labelkey=prod-network-security-platform-v9-3-x&amp;labelkey=prod-network-security-platform-v9-2-0-manager-sensor&amp;labelkey=prod-network-security-platform-v9-2-0&amp;labelkey=prod-network-security-platform-v9-2-x&amp;labelkey=prod-network-security-platform-v9-1-0-manager-sensor&amp;labelkey=prod-network-security-platform-v9-1-0-threat-behavior-analysis&amp;labelkey=prod-network-security-platform-v9-1-0&amp;labelkey=prod-network-security-platform-v9-1-x&amp;labelkey=prod-network-security-platform-v8-1-x-threat-behavior-analysis&amp;labelkey=prod-network-security-platform-v8-1-x" />
			<node type="linkBox" displayName="Partner Business Center" url="/bundle?labelkey=prod-partner-business-center" />
			<node type="linkBox" displayName="Performance Optimizer" url="/bundle?labelkey=&amp;labelkey=prod-performance-optimizer&amp;labelkey=prod-performance-optimizer-v2-2-0&amp;labelkey=prod-performance-optimizer-v2-2-x&amp;labelkey=prod-performance-optimizer-v2-1-0&amp;labelkey=prod-performance-optimizer-v2-1-x&amp;labelkey=prod-performance-optimizer-v2-0-0&amp;labelkey=prod-performance-optimizer-v2-0-x" />
			<node type="linkBox" displayName="Product Improvement Program" url="/bundle?labelkey=&amp;labelkey=prod-product-improvement-program&amp;labelkey=prod-product-improvement-program-v1-2-x" />
			<node type="linkBox" displayName="Policy Auditor" url="/bundle?labelkey=&amp;labelkey=prod-policy-auditor&amp;labelkey=prod-policy-auditor-v6-5-x&amp;labelkey=prod-policy-auditor-v6-4-3&amp;labelkey=prod-policy-auditor-v6-4-2&amp;labelkey=prod-policy-auditor-v6-4-1&amp;labelkey=prod-policy-auditor-v6-4-0&amp;labelkey=prod-policy-auditor-v6-4-x&amp;labelkey=prod-policy-auditor-v6-3-0&amp;labelkey=prod-policy-auditor-v6-3-x&amp;labelkey=prod-policy-auditor-v6-2-2&amp;labelkey=prod-policy-auditor-v6-2-0&amp;labelkey=prod-policy-auditor-v6-2-x&amp;labelkey=prod-policy-auditor-v6-0-1&amp;labelkey=prod-policy-auditor-v6-0-0&amp;labelkey=prod-policy-auditor-v6-0-x" />
			<node type="linkBox" displayName="Quarantine Manager" url="/bundle?labelkey=&amp;labelkey=prod-quarantine-manager&amp;labelkey=prod-quarantine-manager-v7-1-1&amp;labelkey=prod-quarantine-manager-v7-1-0&amp;labelkey=prod-quarantine-manager-v7-1-x&amp;labelkey=prod-quarantine-manager-v7-0-1" />
			<node type="linkBox" displayName="Public Cloud Security Suite" url="/bundle?labelkey=&amp;labelkey=prod-public-cloud-security-suite&amp;labelkey=prod-public-cloud-security-suite-v4-5-1&amp;labelkey=prod-public-cloud-security-suite-v4-5-0&amp;labelkey=prod-public-cloud-security-suite-v4-5-x&amp;labelkey=prod-public-cloud-security-suite-v4-0-0&amp;labelkey=prod-public-cloud-security-suite-v4-0-x" />
			<node type="linkBox" displayName="Rogue System Detection" url="/bundle?labelkey=&amp;labelkey=prod-rogue-system-detection&amp;labelkey=prod-rogue-system-detection-v5-0-6&amp;labelkey=prod-rogue-system-detection-v5-0-5&amp;labelkey=prod-rogue-system-detection-v5-0-4&amp;labelkey=prod-rogue-system-detection-v5-0-3&amp;labelkey=prod-rogue-system-detection-v5-0-2&amp;labelkey=prod-rogue-system-detection-v5-0-1&amp;labelkey=prod-rogue-system-detection-v5-0-0&amp;labelkey=prod-rogue-system-detection-v5-0-x" />
			<node type="linkBox" displayName="SaaS Email Archiving" url="/bundle?labelkey=prod-saas-message-archiving-v1-0-x" />
			<node type="linkBox" displayName="SaaS Email Protection" url="/bundle?labelkey=prod-saas-email-protection-v1-0-x" />
			<node type="linkBox" displayName="SaaS Order Management" url="/bundle?labelkey=&amp;labelkey=prod-saas-order-management&amp;labelkey=prod-saas-order-management-v1-0-0&amp;labelkey=prod-saas-order-management-v1-0-x" />
			<node type="linkBox" displayName="Security for Lotus Domino" url="/bundle?labelkey=&amp;labelkey=prod-security-lotus-domino&amp;labelkey=prod-security-lotus-domino-v7-5-3&amp;labelkey=prod-security-lotus-domino-v7-5-2&amp;labelkey=prod-security-lotus-domino-v7-5-1&amp;labelkey=prod-security-lotus-domino-v7-5-0&amp;labelkey=prod-security-lotus-domino-v7-5-x" />
			<node type="linkBox" displayName="Security for Microsoft Exchange" url="/bundle?labelkey=&amp;labelkey=prod-security-microsoft-exchange&amp;labelkey=prod-security-microsoft-exchange-v8-6-3&amp;labelkey=prod-security-microsoft-exchange-v8-6-2&amp;labelkey=prod-security-microsoft-exchange-v8-6-1&amp;labelkey=prod-security-microsoft-exchange-v8-6-0&amp;labelkey=prod-security-microsoft-exchange-v8-6-x&amp;labelkey=prod-security-microsoft-exchange-v8-5-1&amp;labelkey=prod-security-microsoft-exchange-v8-5-0&amp;labelkey=prod-security-microsoft-exchange-v8-5-x&amp;labelkey=prod-security-microsoft-exchange-v8-0-2&amp;labelkey=prod-security-microsoft-exchange-v8-0-1&amp;labelkey=prod-security-microsoft-exchange-v8-0-0&amp;labelkey=prod-security-microsoft-exchange-v8-0-x" />
			<node type="linkBox" displayName="Security for Microsoft SharePoint" url="/bundle?labelkey=&amp;labelkey=prod-security-microsoft-sharepoint&amp;labelkey=prod-security-microsoft-sharepoint-v3-5-x&amp;labelkey=prod-security-microsoft-sharepoint-v3-0-x" />
			<node type="linkBox" displayName="SiteAdvisor Enterprise" url="/bundle?labelkey=&amp;labelkey=prod-siteadvisor-enterprise&amp;labelkey=prod-siteadvisor-enterprise-v3-5-6&amp;labelkey=prod-siteadvisor-enterprise-v3-5-5&amp;labelkey=prod-siteadvisor-enterprise-v3-5-4&amp;labelkey=prod-siteadvisor-enterprise-v3-5-3&amp;labelkey=prod-siteadvisor-enterprise-v3-5-2&amp;labelkey=prod-siteadvisor-enterprise-v3-5-1&amp;labelkey=prod-siteadvisor-enterprise-v3-5-0&amp;labelkey=prod-siteadvisor-enterprise-v3-5-x" />
			<node type="linkBox" displayName="Threat Intelligence Exchange" url="/bundle?labelkey=&amp;labelkey=prod-threat-intelligence-exchange&amp;labelkey=prod-threat-intelligence-exchange-v3-0-x&amp;labelkey=prod-threat-intelligence-exchange-v2-3-0&amp;labelkey=prod-threat-intelligence-exchange-v2-2-0&amp;labelkey=prod-threat-intelligence-exchange-v2-2-x&amp;labelkey=prod-threat-intelligence-exchange-v2-1-1&amp;labelkey=prod-threat-intelligence-exchange-v2-1-0&amp;labelkey=prod-threat-intelligence-exchange-v2-1-x&amp;labelkey=prod-threat-intelligence-exchange-v2-0-1&amp;labelkey=prod-threat-intelligence-exchange-v2-0-0&amp;labelkey=prod-threat-intelligence-exchange-v2-0-x&amp;labelkey=prod-threat-intelligence-exchange-v1-3-x" />
			<node type="linkBox" displayName="TrustedSource" url="/bundle?labelkey=&amp;labelkey=prod-trustedsource&amp;labelkey=prod-trustedsource-v2-5-x" />
			<node type="linkBox" displayName="Virtual Network Security Platform" url="/bundle?labelkey=&amp;labelkey=prod-virtual-network-security-platform&amp;labelkey=prod-virtual-network-security-platform-v10-1-0-manager-sensor&amp;labelkey=prod-virtual-network-security-platform-v10-1-x&amp;labelkey=prod-virtual-network-security-platform-v9-3-0-manager-sensor&amp;labelkey=prod-virtual-network-security-platform-v9-3-x&amp;labelkey=prod-virtual-network-security-platform-v9-2-0-manager-sensor&amp;labelkey=prod-virtual-network-security-platform-v9-2-x&amp;labelkey=prod-virtual-network-security-platform-v9-1-0-manager-sensor&amp;labelkey=prod-virtual-network-security-platform-v9-1-x&amp;labelkey=prod-virtual-network-security-platform-v8-1-x-manager-sensor&amp;labelkey=prod-virtual-network-security-platform-v8-1-x" />
			<node type="linkBox" displayName="VirusScan Enterprise" url="/bundle?labelkey=&amp;labelkey=prod-virusscan-enterprise&amp;labelkey=prod-virusscan-enterprise-v8-8-14&amp;labelkey=prod-virusscan-enterprise-v8-8-13&amp;labelkey=prod-virusscan-enterprise-v8-8-12&amp;labelkey=prod-virusscan-enterprise-v8-8-11&amp;labelkey=prod-virusscan-enterprise-v8-8-10&amp;labelkey=prod-virusscan-enterprise-v8-8-9&amp;labelkey=prod-virusscan-enterprise-v8-8-8&amp;labelkey=prod-virusscan-enterprise-v8-8-7&amp;labelkey=prod-virusscan-enterprise-v8-8-6&amp;labelkey=prod-virusscan-enterprise-v8-8-5&amp;labelkey=prod-virusscan-enterprise-v8-8-4&amp;labelkey=prod-virusscan-enterprise-v8-8-3&amp;labelkey=prod-virusscan-enterprise-v8-8-2&amp;labelkey=prod-virusscan-enterprise-v8-8-1&amp;labelkey=prod-virusscan-enterprise-v8-8-0&amp;labelkey=prod-virusscan-enterprise-v8-8-x" />
			<node type="linkBox" displayName="VirusScan Enterprise for Linux" url="/bundle?labelkey=&amp;labelkey=prod-virusscan-enterprise-linux&amp;labelkey=prod-virusscan-enterprise-linux-v2-0-3&amp;labelkey=prod-virusscan-enterprise-linux-v2-0-2&amp;labelkey=prod-virusscan-enterprise-linux-v2-0-1&amp;labelkey=prod-virusscan-enterprise-linux-v2-0-0&amp;labelkey=prod-virusscan-enterprise-linux-v2-0-x&amp;labelkey=prod-virusscan-enterprise-linux-v1-9-2&amp;labelkey=prod-virusscan-enterprise-linux-v1-9-1&amp;labelkey=prod-virusscan-enterprise-linux-v1-9-0&amp;labelkey=prod-virusscan-enterprise-linux-v1-9-x" />
			<node type="linkBox" displayName="VirusScan Enterprise for Storage" url="/bundle?labelkey=&amp;labelkey=prod-virusscan-enterprise-storage&amp;labelkey=prod-virusscan-enterprise-storage-v1-3-x&amp;labelkey=prod-virusscan-enterprise-storage-v1-2-x" />
			<node type="linkBox" displayName="VirusScan Command Line Scanner" url="/bundle?labelkey=&amp;labelkey=prod-virusscan-command-line-scanner&amp;labelkey=prod-virusscan-command-line-scanner-v6-1-x" />
			<node type="linkBox" displayName="VirusScan for Mac" url="/bundle?labelkey=&amp;labelkey=prod-virusscan-mac&amp;labelkey=prod-virusscan-mac-v9-8-x&amp;labelkey=prod-virusscan-mac-v9-7-x&amp;labelkey=prod-virusscan-mac-v9-6-x" />
			<node type="linkBox" displayName="Vulnerability Manager" url="/bundle?labelkey=&amp;labelkey=prod-vulnerability-manager&amp;labelkey=prod-vulnerability-manager-v7-5-x" />
			<node type="linkBox" displayName="Vulnerability Manager for Databases" url="/bundle?labelkey=&amp;labelkey=prod-vulnerability-manager-databases&amp;labelkey=prod-vulnerability-manager-databases-v5-2-x&amp;labelkey=prod-vulnerability-manager-databases-v5-1-3&amp;labelkey=prod-vulnerability-manager-databases-v5-1-2&amp;labelkey=prod-vulnerability-manager-databases-v5-1-x" />
			<node type="linkBox" displayName="Web Gateway" url="/bundle?labelkey=&amp;labelkey=prod-web-gateway&amp;labelkey=prod-web-gateway-v9-1-x&amp;labelkey=prod-web-gateway-v9-0-x&amp;labelkey=prod-web-gateway-v8-2-x&amp;labelkey=prod-web-gateway-v8-1-x&amp;labelkey=prod-web-gateway-v8-0-x&amp;labelkey=prod-web-gateway-v7-8-2&amp;labelkey=prod-web-gateway-v7-8-1&amp;labelkey=prod-web-gateway-v7-8-0&amp;labelkey=prod-web-gateway-v7-8-x&amp;labelkey=prod-web-gateway-v7-7-2&amp;labelkey=prod-web-gateway-v7-7-1&amp;labelkey=prod-web-gateway-v7-7-0&amp;labelkey=prod-web-gateway-v7-7-x&amp;labelkey=prod-web-gateway-v7-6-2&amp;labelkey=prod-web-gateway-v7-6-1&amp;labelkey=prod-web-gateway-v7-6-0&amp;labelkey=prod-web-gateway-v7-6-x" />
			<node type="linkBox" displayName="Web Gateway Cloud Service" url="/bundle?labelkey=prod-web-gateway-cloud-service" />
			<node type="linkBox"  displayName="Info Dev Internal Documentation" url="/bundle?labelkey=prod-internal-docs"/>

		</node>

		<!-- All products A-Z tooltip goes here (can use hidden outputclass to not show) -->
		<!-- <node type="category" outputclass="tooltip allProducts">
			<description>$tooltip4_description</description>
		</node> -->
	</node>
</nested>
