<?xml version="1.0" encoding="UTF-8"?>

<nested>
	<!-- Featured Content Carousel -->
	<node type="category" displayName="$featured_content" outputclass="featured_content" shortDesc="$tooltip1_description">
		<!-- Slide 1 -->
		<node type="category" color='4F296D' displayName="$slide1_title">
			<node type="linkBox" color='73439A' displayName="$slide1_tile1_description" outputclass="featured_content">
				<node type="linkBox" url="/bundle/epolicy-orchestrator-5.10.0-product-guide/page/GUID-FE58CAF4-3291-41CB-AEA2-77A10ACE27A7.html" displayName="$slide1_tile1_link1"/>
				<node type="linkBox" url="/bundle/epolicy-orchestrator-5.10.0-product-guide/page/GUID-06BDECB2-74E5-495F-A64E-B2944A29170A.html" displayName="$slide1_tile1_link2"/>
				<node type="linkBox" url="/bundle/epolicy-orchestrator-5.10.0-product-guide/page/GUID-E4DCB2AC-09F0-4DC0-9410-51CC357B26A7.html" displayName="$slide1_tile1_link3"/>
				<node type="linkBox" url="/bundle/epolicy-orchestrator-5.10.0-product-guide/page/GUID-56D4914F-04AD-4D38-BD12-96EB2ED75D8D.html" displayName="$slide1_tile1_link4"/>
			</node>

			<node type="linkBox" displayName="$slide1_tile2_description" outputclass="featured_content">
				<node type="linkBox" url="/bundle/mvision-epolicy-orchestrator-product-guide/page/GUID-12AE174C-E7C6-47D7-8A1F-DFDB3319128C.html" displayName="$slide1_tile2_link1"/>
				<node type="linkBox" url="/bundle/mvision-epolicy-orchestrator-product-guide/page/GUID-60B005E7-E9B4-4A41-929D-323FEB298066.html" displayName="$slide1_tile2_link2"/>
				<node type="linkBox" url="/bundle/mvision-epolicy-orchestrator-product-guide/page/GUID-4D7D68A0-0177-4D2F-BC0A-0491769FEE3E.html" displayName="$slide1_tile2_link3"/>
			</node>
		</node>

		<!-- Slide 2 -->
		<node type="category" color='183280' displayName="$slide2_title">
			<node type="linkBox" color='005FAE' displayName="$slide2_tile1_description" outputclass="featured_content">
				<node type="linkBox" bundle="endpoint-security-10.7.x-installation-guide-windows" url="/bundle/endpoint-security-10.7.x-installation-guide-windows/page/GUID-F042762C-4443-4E83-8E20-5641792EE72E.html" displayName="$slide2_tile1_link1"/>
				<node type="linkBox" bundle="endpoint-security-10.7.x-installation-guide-windows" url="/bundle/endpoint-security-10.7.x-installation-guide-windows/page/GUID-BE61F0F4-A0FA-4D74-8C9C-DEAB469A2ED4.html" displayName="$slide2_tile1_link2"/>
				<node type="linkBox" bundle="endpoint-security-10.7.x-installation-guide-windows" url="/bundle/endpoint-security-10.7.x-installation-guide-windows/page/GUID-B372FC19-AB68-426F-B230-812A41148BD1.html" displayName="$slide2_tile1_link3"/>
				<node type="linkBox" bundle="endpoint-security-10.7.x-installation-guide-windows" url="/bundle/endpoint-security-10.7.x-installation-guide-windows/page/GUID-8311AAC9-0610-45EF-9E0A-47B87508FECB.html" displayName="$slide2_tile1_link4"/>
				<node type="linkBox" bundle="endpoint-security-10.7.x-installation-guide-windows" url="/bundle/endpoint-security-10.7.x-installation-guide-windows/page/GUID-6408B981-DAA4-498E-BA77-F8317E8F70E8.html" displayName="$slide2_tile1_link5"/>
			</node>

			<node type="linkBox" displayName="$slide2_tile2_description" outputclass="featured_content">
				<node type="linkBox" bundle="endpoint-security-10.7.x-installation-guide-windows" url="/bundle/endpoint-security-10.7.x-installation-guide-windows/page/GUID-EE3F05D4-A11D-4B55-8740-19668C6343AF.html" displayName="$slide2_tile2_link1"/>
				<node type="linkBox" bundle="endpoint-security-10.7.x-installation-guide-windows" url="/bundle/endpoint-security-10.7.x-installation-guide-windows/page/GUID-F30D3A1A-EE04-4777-B114-1B2EA471ADB1.html" displayName="$slide2_tile2_link2"/>
				<node type="linkBox" bundle="endpoint-security-10.7.x-installation-guide-windows" url="/bundle/endpoint-security-10.7.x-installation-guide-windows/page/GUID-BD6E33A3-1675-40E1-8B56-D5A57178CB11.html" displayName="$slide2_tile2_link3"/>
				<node type="linkBox" bundle="endpoint-security-10.7.x-installation-guide-windows" url="/bundle/endpoint-security-10.7.x-installation-guide-windows/page/GUID-ADFC20DA-56AB-4537-96B1-E58E9CEDA5C8.html" displayName="$slide2_tile2_link4"/>
			</node>
		</node>

		<!-- Slide 3 -->
		<node type="category" color='4F296D' displayName="$slide3_title">
			<node type="linkBox" color='73439A' displayName="$slide3_tile1_description" outputclass="featured_content">
				<node type="linkBox" bundle="epolicy-orchestrator-5.10.0-installation-guide" url="/bundle/epolicy-orchestrator-5.10.0-installation-guide" displayName="$slide3_tile1_link1"/>
				<node type="linkBox" bundle="epolicy-orchestrator-5.10.0-installation-guide" url="/bundle/epolicy-orchestrator-5.10.0-installation-guide/page/GUID-C5328442-DA0E-4930-B7B0-DB9FECAFFCD2.html" displayName="$slide3_tile1_link2"/>
				<node type="linkBox" bundle="epolicy-orchestrator-5.10.0-installation-guide" url="/bundle/epolicy-orchestrator-5.10.0-installation-guide/page/GUID-6AD21166-30E6-49D2-9D76-6B9C33C62C5F.html" displayName="$slide3_tile1_link3"/>
				<node type="linkBox" bundle="epolicy-orchestrator-5.10.0-installation-guide" url="/bundle/epolicy-orchestrator-5.10.0-installation-guide/page/GUID-B11CA543-FD47-4ECE-B805-D482B1946822.html" displayName="$slide3_tile1_link4"/>
			</node>

			<node type="linkBox" displayName="$slide3_tile2_description" outputclass="featured_content">
				<node type="linkBox" bundle="epolicy-orchestrator-5.10.0-installation-guide" url="/bundle/epolicy-orchestrator-5.10.0-installation-guide/page/GUID-6876F1A3-A8E4-48BD-A643-4EAB9A7EE15D.html" displayName="$slide3_tile2_link1"/>
				<node type="linkBox" bundle="epolicy-orchestrator-5.10.0-installation-guide" url="/bundle/epolicy-orchestrator-5.10.0-installation-guide/page/GUID-861268C7-5D09-4F63-BFF9-B206E1520DB5.html" displayName="$slide3_tile2_link2"/>
				<node type="linkBox" bundle="epolicy-orchestrator-5.10.0-installation-guide" url="/bundle/epolicy-orchestrator-5.10.0-installation-guide/page/GUID-ED0100D4-7A42-4998-882D-C064A38532D1.html" displayName="$slide3_tile2_link3"/>
				<node type="linkBox" bundle="epolicy-orchestrator-5.10.0-installation-guide" url="/bundle/epolicy-orchestrator-5.10.0-installation-guide/page/GUID-78FB6F7E-8573-46A2-8E52-34AC2326832A.html" displayName="$slide3_tile2_link4"/>
			</node>
		</node>

		<!-- Slide 4 -->
		<node type="category" color='CD6E2D' displayName="$slide4_title">
			<node type="linkBox" color='F37321' displayName="$slide4_tile1_description" outputclass="featured_content">

				<node type="linkBox" bundle="mvision-epolicy-orchestrator-product-guide" url="/bundle/mvision-epolicy-orchestrator-product-guide/page/GUID-3BA55033-DA4E-450F-A31D-9AF436D72473.html" displayName="$slide4_tile1_link1"/>
				<node type="linkBox" bundle="mvision-epolicy-orchestrator-product-guide" url="/bundle/mvision-epolicy-orchestrator-product-guide/page/GUID-B577EC79-1945-453D-929B-CB3E98FDB085.html" displayName="$slide4_tile1_link2"/>
				<node type="linkBox" bundle="mvision-endpoint-installation-guide" url="/bundle/mvision-endpoint-installation-guide/page/GUID-9070961E-93A3-458C-91AD-8F060674B74A.html" displayName="$slide4_tile1_link3"/>
				<node type="linkBox" bundle="mvision-epolicy-orchestrator-product-guide" url="/bundle/mvision-epolicy-orchestrator-product-guide/page/GUID-11BBB28E-155A-46CE-ADAA-7B7CB18C150F.html" displayName="$slide4_tile1_link4"/>
			</node>

			<node type="linkBox" displayName="$slide4_tile2_description" outputclass="featured_content">
				<node type="linkBox" bundle="mvision-epolicy-orchestrator-product-guide" url="/bundle/mvision-epolicy-orchestrator-product-guide/page/GUID-0A7145C4-D639-4A55-B0BB-B4643C1965CF.html" displayName="$slide4_tile2_link1"/>
				<node type="linkBox" bundle="mvision-epolicy-orchestrator-product-guide" url="/bundle/mvision-epolicy-orchestrator-product-guide/page/GUID-E8D5F121-7544-4302-837D-A68053C95B4D.html" displayName="$slide4_tile2_link2"/>
				<node type="linkBox" bundle="mvision-epolicy-orchestrator-product-guide" url="/bundle/mvision-epolicy-orchestrator-product-guide/page/GUID-D65FDA12-765A-452F-AF89-87C21E365D03.html" displayName="$slide4_tile2_link3"/>
			</node>
		</node>

		<!-- Slide 5 -->
		<node type="category" color='0084B6' displayName="$slide5_title">
			<node type="linkBox" color='00AEEF' displayName="$slide5_tile1_description" outputclass="featured_content">

				<node type="linkBox" bundle="mvision-endpoint-detection-and-response-install-guide" url="/bundle/mvision-endpoint-detection-and-response-install-guide/page/GUID-81403480-672F-4FFB-A15C-C95414CF3E90.html" displayName="$slide5_tile1_link1"/>
				<node type="linkBox" bundle="mvision-endpoint-detection-and-response-install-guide" url="/bundle/mvision-endpoint-detection-and-response-install-guide/page/GUID-19C033EC-F3DA-4CBA-AF84-C05C8B36EBF8.html" displayName="$slide5_tile1_link2"/>
				<node type="linkBox" bundle="mvision-endpoint-detection-and-response-install-guide" url="/bundle/mvision-endpoint-detection-and-response-install-guide/page/GUID-7F6B84BF-FA0C-4A04-A34D-AF5551013F39.html" displayName="$slide5_tile1_link3"/>
				<node type="linkBox" bundle="mvision-endpoint-detection-and-response-install-guide" url="/bundle/mvision-endpoint-detection-and-response-install-guide/page/GUID-41F9ADAB-FD52-4D13-A372-22F837F8785D.html" displayName="$slide5_tile1_link4"/>
			</node>

			<node type="linkBox" displayName="$slide5_tile2_description" outputclass="featured_content">
				<node type="linkBox" bundle="mvision-endpoint-detection-and-response-install-guide" url="/bundle/mvision-endpoint-detection-and-response-install-guide/page/GUID-4BDF8617-4D3E-4A31-ABCB-06B840D77B96.html" displayName="$slide5_tile2_link1"/>
				<node type="linkBox" bundle="mvision-endpoint-detection-and-response-install-guide" url="/bundle/mvision-endpoint-detection-and-response-install-guide/page/GUID-E24DA5CF-4B16-457C-915C-2108F5624452.html" displayName="$slide5_tile2_link2"/>
				<node type="linkBox" bundle="mvision-endpoint-detection-and-response-install-guide" url="/bundle/mvision-endpoint-detection-and-response-install-guide/page/GUID-FAB120E8-CFF2-4805-A9A1-132EDB2D3D2A.html" displayName="$slide5_tile2_link3"/>
				<node type="linkBox" bundle="mvision-endpoint-detection-and-response-install-guide" url="/bundle/mvision-endpoint-detection-and-response-install-guide/page/GUID-B7572459-334C-4CD1-81EE-9E176ADD0BE0.html" displayName="$slide5_tile2_link4"/>
			</node>
		</node>

		<!-- Slide 5 (with slide 3 variables) -->
		<!-- <node type="category" color='73A142' displayName="$slide3_title">
			<node type="linkBox" color='8CC74F' displayName="$slide3_tile1_description" outputclass="featured_content">
				<node type="linkBox" bundle="endpoint-security-10.6.0-common-client-interface-reference-guide-windows/page/GUID-3FE6F59F-BBC0-4E6B-B434-7BD0EEAF2C50.html" url="/bundle/endpoint-security-10.6.0-common-client-interface-reference-guide-windows/page/GUID-3FE6F59F-BBC0-4E6B-B434-7BD0EEAF2C50.html" displayName="$slide3_tile1_link1"/>
				<node type="linkBox" bundle="agent-5.5.1-installation-guide-epolicy-orchestrator/page/GUID-233CB9B8-D63A-4E71-91B6-FC6A73E9A4AE.html" url="/bundle/agent-5.5.1-installation-guide-epolicy-orchestrator/page/GUID-233CB9B8-D63A-4E71-91B6-FC6A73E9A4AE.html" displayName="$slide3_tile1_link2"/>
				<node type="linkBox" bundle="epolicy-orchestrator-5.10.0-installation-guide/page/GUID-8ABD4104-28BF-4CF9-B4B7-D4D71A530822.html" url="/bundle/epolicy-orchestrator-5.10.0-installation-guide/page/GUID-8ABD4104-28BF-4CF9-B4B7-D4D71A530822.html" displayName="$slide3_tile1_link3"/>
				<node type="linkBox" bundle="epolicy-orchestrator-5.10.0-product-guide/page/GUID-AAA4A531-FED9-4679-8FE2-ABB759F08590.html" url="/bundle/epolicy-orchestrator-5.10.0-product-guide/page/GUID-AAA4A531-FED9-4679-8FE2-ABB759F08590.html" displayName="$slide3_tile1_link4"/>
				<node type="linkBox" bundle="epolicy-orchestrator-5.10.0-installation-guide/page/GUID-892CDD00-7061-4B9B-931A-D0F84735A9FE.html" url="/bundle/epolicy-orchestrator-5.10.0-installation-guide/page/GUID-892CDD00-7061-4B9B-931A-D0F84735A9FE.html" displayName="$slide3_tile1_link5"/>
			</node>

			<node type="linkBox" displayName="$slide3_tile2_description" outputclass="featured_content">
				<node type="linkBox" bundle="endpoint-security-10.6.0-common-client-interface-reference-guide-windows/page/GUID-3FE6F59F-BBC0-4E6B-B434-7BD0EEAF2C50.html" url="/bundle/endpoint-security-10.6.0-common-client-interface-reference-guide-windows/page/GUID-3FE6F59F-BBC0-4E6B-B434-7BD0EEAF2C50.html" displayName="$slide3_tile2_link1"/>
				<node type="linkBox" bundle="agent-5.0.6-installation-guide-epolicy-orchestrator/page/GUID-5BA40056-3E60-4ABE-863F-9DDEBCFD5C0C.html" url="/bundle/agent-5.0.6-installation-guide-epolicy-orchestrator/page/GUID-5BA40056-3E60-4ABE-863F-9DDEBCFD5C0C.html" displayName="$slide3_tile2_link2"/>
				<node type="linkBox" bundle="agent-5.5.0-product-guide-epolicy-orchestrator/page/GUID-29623690-F155-48FE-AEEA-CE9E50F711C3.html" url="/bundle/agent-5.5.0-product-guide-epolicy-orchestrator/page/GUID-29623690-F155-48FE-AEEA-CE9E50F711C3.html" displayName="$slide3_tile2_link3"/>
				<node type="linkBox" bundle="epolicy-orchestrator-5.10.0-installation-guide/page/GUID-892CDD00-7061-4B9B-931A-D0F84735A9FE.html" url="/bundle/epolicy-orchestrator-5.10.0-installation-guide/page/GUID-892CDD00-7061-4B9B-931A-D0F84735A9FE.html" displayName="$slide3_tile2_link4"/>
				<node type="linkBox" bundle="epolicy-orchestrator-5.10.0-installation-guide/page/GUID-6876F1A3-A8E4-48BD-A643-4EAB9A7EE15D.html" url="/bundle/epolicy-orchestrator-5.10.0-installation-guide/page/GUID-6876F1A3-A8E4-48BD-A643-4EAB9A7EE15D.html" displayName="$slide3_tile2_link5"/>
			</node>
		</node> -->

		<!-- Slide 5 (with slide 3 variables) -->
		<!-- <node type="category" color='73A142' displayName="$slide3_title">
			<node type="linkBox" color='8CC74F' displayName="$slide3_tile1_description" outputclass="featured_content">
				<node type="linkBox" url="/bundle/endpoint-security-10.6.0-common-client-interface-reference-guide-windows/page/GUID-3FE6F59F-BBC0-4E6B-B434-7BD0EEAF2C50.html" displayName="$slide3_tile1_link1"/>
				<node type="linkBox" url="/bundle/endpoint-security-10.7.x-installation-guide-windows/page/GUID-EE3F05D4-A11D-4B55-8740-19668C6343AF.html" displayName="$slide3_tile1_link2"/>
				<node type="linkBox" url="/bundle/agent-5.5.1-installation-guide-epolicy-orchestrator/page/GUID-233CB9B8-D63A-4E71-91B6-FC6A73E9A4AE.html" displayName="$slide3_tile1_link3"/>
				<node type="linkBox" url="/bundle/epolicy-orchestrator-5.10.0-installation-guide/page/GUID-8ABD4104-28BF-4CF9-B4B7-D4D71A530822.html" displayName="$slide3_tile1_link4"/>
				<node type="linkBox" url="/bundle/agent-5.5.1-installation-guide-epolicy-orchestrator/page/GUID-233CB9B8-D63A-4E71-91B6-FC6A73E9A4AE.html" displayName="$slide3_tile1_link5"/>
			</node>

			<node type="linkBox" displayName="$slide3_tile2_description" outputclass="featured_content">
				<node type="linkBox" url="/bundle/endpoint-security-10.7.x-installation-guide-windows/" displayName="$slide3_tile2_link1"/>
				<node type="linkBox" url="/bundle/agent-5.5.1-installation-guide-epolicy-orchestrator/" displayName="$slide3_tile2_link2"/>
				<node type="linkBox" url="/bundle/epolicy-orchestrator-5.10.0-installation-guide/" displayName="$slide3_tile2_link3"/>
				<node type="linkBox" url="/bundle/epolicy-orchestrator-5.10.0-product-guide/" displayName="$slide3_tile2_link4"/>
				<node type="linkBox" url="/bundle/endpoint-security-10.7.x-release-notes/" displayName="$slide3_tile2_link5"/>
			</node>
		</node> -->

		<!-- Tooltip -->
		<!-- <node type="category" outputclass="tooltip">
			<description>$tooltip1_description</description>
		</node> -->
	</node>
</nested>
